category (auto-filled),subcategory (auto-filled),insight_subject,insight_tag,is_used_for_explanation,Is changed 2025-03?,,changed_used_exp_0328
Dating,Communication,Conflict resolution,Appreciates gestures with apologies,FALSE,TRUE,Wording change,
Dating,Communication,Conflict resolution,Approaches conflicts with a level head,FALSE,TRUE,Split,
Dating,Communication,Conflict resolution,Can forgive and forget,FALSE,TRUE,Wording change,
Dating,Communication,Conflict resolution,Can't forgive and forget,FALSE,TRUE,Wording change,
Dating,Communication,Conflict resolution,Communicates directly in conflicts,FALSE,TRUE,Wording change,
Dating,Communication,Conflict resolution,Needs space post-conflict,FALSE,TRUE,Split,
Dating,Communication,Conflict resolution,Non-confrontational in conflicts,FALSE,TRUE,Wording change,
Dating,Communication,Conflict resolution,Seeks physical comfort post-conflict,FALSE,TRUE,New,
Dating,Communication,Conflict resolution,Tends to be avoidant,FALSE,FALSE,Same,
Dating,Communication,Conflict resolution,Uses humor to reconnect,FALSE,TRUE,New,
Dating,Communication,Conversation medium,Casual & informal texter,TRUE,TRUE,Split,
Dating,Communication,Conversation medium,Communicates through memes and emojis,TRUE,FALSE,Same,
Dating,Communication,Conversation medium,Communicates through photos and images,TRUE,FALSE,Same,
Dating,Communication,Conversation medium,Not a texter,FALSE,FALSE,Same,TRUE
Dating,Communication,Conversation medium,Prefers phone calls,TRUE,TRUE,Wording change,
Dating,Communication,Conversation medium,Prefers texting,TRUE,TRUE,Wording change,
Dating,Communication,Conversation medium,Prefers video calls,TRUE,TRUE,Wording change,
Dating,Communication,Conversation medium,Texts using proper grammar,TRUE,TRUE,Split,
Dating,Communication,Conversation medium,Values in-person communication,TRUE,FALSE,Same,
Dating,Communication,Directness,Avoids debates with partner,FALSE,FALSE,Same,TRUE
Dating,Communication,Directness,Open to differences,TRUE,TRUE,New,
Dating,Communication,Directness,Prefers sensitive communication,FALSE,FALSE,Same,TRUE
Dating,Communication,Directness,Values direct communication,TRUE,FALSE,Same,
Dating,Dating expectations,Dating intention,5 dates a week could be fun,TRUE,TRUE,New,
Dating,Dating expectations,Dating intention,5 dates a week is too many,FALSE,TRUE,New,TRUE
Dating,Dating expectations,Dating intention,Dating is about enjoying new experiences,TRUE,FALSE,Same,
Dating,Dating expectations,Dating intention,Desires passionate intimacy in dating,TRUE,FALSE,Same,
Dating,Dating expectations,Dating intention,Hopes a date turns into a relationship,TRUE,FALSE,Same,
Dating,Dating expectations,Dating intention,Hopes to gain self-confidence from dates,FALSE,FALSE,Same,TRUE
Dating,Dating expectations,Dating intention,Interested in multiple casual meet-ups,FALSE,FALSE,Same,TRUE
Dating,Dating expectations,Dating intention,Looking for friends,TRUE,FALSE,Same,
Dating,Dating expectations,Dating intention,Never dated a friend,FALSE,TRUE,New,
Dating,Dating expectations,Dating intention,Not open to dating a friend,FALSE,TRUE,Wording change,
Dating,Dating expectations,Dating intention,Ok with multiple situationships,FALSE,TRUE,Split,TRUE
Dating,Dating expectations,Dating intention,Open to dating a friend,FALSE,TRUE,Wording change,
Dating,Dating expectations,Dating intention,Open to exploring many dating options,FALSE,FALSE,Same,TRUE
Dating,Dating expectations,Dating intention,Open to long distance dating,FALSE,TRUE,Split,
Dating,Dating expectations,Dating intention,Open to moderate traveling for dates,FALSE,FALSE,Same,
Dating,Dating expectations,Dating intention,Open to never marrying,FALSE,TRUE,New,TRUE
Dating,Dating expectations,Dating intention,Prefers local dating,TRUE,FALSE,Same,
Dating,Dating expectations,Dating intention,Seeks deep connection with one person,TRUE,FALSE,Same,
Dating,Dating expectations,Dating intention,Seeks fun and lighthearted dating,TRUE,FALSE,Same,
Dating,Dating expectations,Dating intention,Wants intention and commitment,TRUE,TRUE,Wording change,
Dating,Dating expectations,Dating intention,Wants to connect casually,TRUE,TRUE,Wording change,
Dating,Dating expectations,Dating intention,Wants to marry eventually,TRUE,TRUE,Wording change,
Dating,Relationship expectations,Attitudes toward monogamy/polyamory,Jealousy indicates healthy relationship,FALSE,FALSE,Same,TRUE
Dating,Relationship expectations,Attitudes toward monogamy/polyamory,Jealousy means unhealthy relationship,FALSE,FALSE,Same,TRUE
Dating,Relationship expectations,Attitudes toward monogamy/polyamory,Open to open relationships,FALSE,TRUE,Wording change,TRUE
Dating,Relationship expectations,Attitudes toward monogamy/polyamory,Open to polyamory,FALSE,FALSE,Same,TRUE
Dating,Relationship expectations,Attitudes toward monogamy/polyamory,Prefers strict monogamy,TRUE,FALSE,Same,
Dating,Relationship expectations,Independence,A partner's social circle matters,FALSE,FALSE,Same,
Dating,Relationship expectations,Independence,Appreciates partner's need for space,FALSE,FALSE,Same,TRUE
Dating,Relationship expectations,Independence,Can meet partner's friends,TRUE,TRUE,New,
Dating,Relationship expectations,Independence,Don't need to meet partner's friends,FALSE,TRUE,New,TRUE
Dating,Relationship expectations,Independence,Enjoys togetherness and personal space,FALSE,FALSE,Same,TRUE
Dating,Relationship expectations,Independence,Open & transparent,TRUE,TRUE,Split,
Dating,Relationship expectations,Independence,Prefers being around partner,TRUE,FALSE,Same,
Dating,Relationship expectations,Independence,"Shares big moments, values personal time",TRUE,FALSE,Same,
Dating,Relationship expectations,Independence,Values digital privacy,TRUE,TRUE,New,
Dating,Relationship expectations,Independence,Values time away from partner,FALSE,TRUE,Split,TRUE
Dating,Relationship expectations,Relationship Values,Brings the fun,TRUE,TRUE,New,
Dating,Relationship expectations,Relationship Values,Makes dates exciting,TRUE,TRUE,New,
Dating,Relationship expectations,Relationship Values,Clear communicator,TRUE,TRUE,Split,
Dating,Relationship expectations,Relationship Values,Good sense of humor,TRUE,TRUE,Split,
Dating,Relationship expectations,Relationship Values,Great conversationalist,TRUE,TRUE,Split,
Dating,Relationship expectations,Relationship Values,Great listener,TRUE,TRUE,Split,
Dating,Relationship expectations,Relationship Values,Inspirational,TRUE,TRUE,Split,
Dating,Relationship expectations,Relationship Values,Intellectual,TRUE,TRUE,Split,
Dating,Relationship expectations,Relationship Values,Mature,TRUE,TRUE,New,
Dating,Relationship expectations,Relationship Values,Often the empath in a relationship,TRUE,FALSE,Same,
Dating,Relationship expectations,Relationship Values,Open minded,TRUE,TRUE,Split,
Dating,Relationship expectations,Relationship Values,Physically attractive,FALSE,TRUE,Wording change,
Dating,Relationship expectations,Relationship Values,Prefers having shared values,FALSE,TRUE,Split,TRUE
Dating,Relationship expectations,Relationship Values,Shared values are essential,FALSE,TRUE,Split,TRUE
Dating,Relationship expectations,Relationship Values,Trustworthy,TRUE,TRUE,Split,
Dating,Relationship expectations,Relationship Values,Values emotional connection,TRUE,FALSE,Same,
Dating,Relationship expectations,Relationship Values,Values physical chemistry,TRUE,FALSE,Same,
Dating,Romanticism,Love language,Appreciates verbal encouragement,TRUE,FALSE,Same,
Dating,Romanticism,Love language,Cherishes thoughtful gifts,TRUE,FALSE,Same,
Dating,Romanticism,Love language,Comforts sad friend with food,FALSE,FALSE,Same,TRUE
Dating,Romanticism,Love language,Distracts sad friend with activities,FALSE,FALSE,Same,TRUE
Dating,Romanticism,Love language,Enjoys physical comfort,TRUE,TRUE,Wording change,
Dating,Romanticism,Love language,Prefers non-physical affection,TRUE,FALSE,Same,
Dating,Romanticism,Love language,Prioritizes spending time together,TRUE,FALSE,Same,
Dating,Romanticism,Love language,Seeks emotional support,TRUE,TRUE,Wording change,
Dating,Romanticism,Love language,Struggles with receiving affection,FALSE,FALSE,Same,
Dating,Romanticism,Love language,Uses humor to uplift,TRUE,FALSE,Same,
Dating,Romanticism,Love language,Values helpful actions,TRUE,FALSE,Same,
Dating,Romanticism,Love language,Values physical affection,TRUE,FALSE,Same,
Dating,Sex,Expectations around sex,Believes sex history matters,FALSE,TRUE,New,TRUE
Dating,Sex,Expectations around sex,Cautious about first-date intimacy,TRUE,FALSE,Same,
Dating,Sex,Expectations around sex,Open to first-date intimacy,TRUE,FALSE,Same,
Dating,Sex,Expectations around sex,Open to friends with benefits,FALSE,TRUE,Split,TRUE
Dating,Sex,Expectations around sex,Post-intimacy connection isn't important,TRUE,FALSE,Same,
Dating,Sex,Expectations around sex,Post-intimacy connection matters,TRUE,FALSE,Same,
Dating,Sex,Expectations around sex,Prefers daily sex,TRUE,TRUE,Split,
Dating,Sex,Expectations around sex,Prefers fast-paced relationships,TRUE,FALSE,Same,
Dating,Sex,Expectations around sex,Prefers sex a few times a month,TRUE,TRUE,Split,
Dating,Sex,Expectations around sex,Prefers sex a few times a week,TRUE,TRUE,Split,
Dating,Sex,Expectations around sex,Sex history doesn't matter,TRUE,TRUE,Split,
Dating,Sex,Expectations around sex,Takes relationships slow,TRUE,TRUE,Wording change,
Dating,Sex,Expectations around sex,Values frequent intimacy,TRUE,TRUE,Split,
Dating,Sex,Sex adventurousness,Don't want kinky sex,TRUE,TRUE,Split,
Dating,Sex,Sex adventurousness,Into kinky sex,TRUE,TRUE,Split,
Dating,Sex,Sex adventurousness,Open to adventurous intimacy,TRUE,FALSE,Same,
Dating,Sex,Sex adventurousness,Open to sex without emotions,FALSE,TRUE,Split,TRUE
Dating,Sex,Sex adventurousness,Prefers traditional intimacy,TRUE,FALSE,Same,
Dating,Sex,Sex adventurousness,Seeks adventurous intimacy,TRUE,FALSE,Same,
Dating,Sex,Sex adventurousness,Sex is about passion and chemistry,TRUE,FALSE,Same,
Dating,Sex,Sex adventurousness,Sex requires emotional connection,TRUE,TRUE,Split,
Dating,Sex,Sex adventurousness,Takes charge during sex,TRUE,TRUE,New,
Dating,Sex,Sex adventurousness,They follow my lead during sex,FALSE,TRUE,New,TRUE
Interests,Arts & Science,Artistry,Appreciates handmade gifts,TRUE,TRUE,Split,
Interests,Arts & Science,Artistry,Art is important in my life,TRUE,TRUE,Split,
Interests,Arts & Science,Artistry,Art is not important in my life,TRUE,TRUE,New,
Interests,Arts & Science,Artistry,Artist,TRUE,FALSE,Same,
Interests,Arts & Science,Artistry,Artistic,TRUE,TRUE,Wording change,
Interests,Arts & Science,Artistry,Enjoys dancing,TRUE,TRUE,Wording change,
Interests,Arts & Science,Artistry,Enjoys digital art,TRUE,FALSE,Same,
Interests,Arts & Science,Artistry,Enjoys makeup artistry or cosplay,TRUE,FALSE,Same,
Interests,Arts & Science,Artistry,Enjoys photography,TRUE,FALSE,Same,
Interests,Arts & Science,Artistry,Enjoys poetry,TRUE,FALSE,Same,
Interests,Arts & Science,Artistry,Enjoys singing,TRUE,TRUE,Wording change,
Interests,Arts & Science,Artistry,Fashion enthusiast,TRUE,FALSE,Same,
Interests,Arts & Science,Artistry,Likes creative writing,TRUE,FALSE,Same,
Interests,Arts & Science,Artistry,Likes to draw or paint,TRUE,FALSE,Same,
Interests,Arts & Science,Artistry,Not artistic,FALSE,TRUE,New,TRUE
Interests,Arts & Science,Artistry,Partner can be unartistic,TRUE,TRUE,Split,
Interests,Arts & Science,Artistry,Seeks artistic partner,TRUE,TRUE,Split,
Interests,Arts & Science,Pastimes,Enjoys a lively debate,TRUE,TRUE,New,
Interests,Arts & Science,Pastimes,Enjoys casual chats,TRUE,FALSE,Same,
Interests,Arts & Science,Pastimes,Enjoys gardening,TRUE,FALSE,Same,
Interests,Arts & Science,Pastimes,Enjoys intimate chats,TRUE,FALSE,Same,
Interests,Arts & Science,Pastimes,Enjoys journaling,TRUE,TRUE,Same,
Interests,Arts & Science,Pastimes,Enjoys learning,TRUE,TRUE,Same,
Interests,Arts & Science,Pastimes,Enjoys puzzles or sudokus,TRUE,FALSE,Same,
Interests,Arts & Science,Pastimes,Enjoys reading,TRUE,FALSE,Same,
Interests,Arts & Science,Pastimes,Enjoys scientific facts,TRUE,TRUE,Wording change,
Interests,Arts & Science,Pastimes,Enjoys shopping,TRUE,TRUE,Wording change,
Interests,Arts & Science,Pastimes,Enjoys teaching others,TRUE,TRUE,Split,
Interests,Arts & Science,Pastimes,Enjoys watching video,TRUE,TRUE,Wording change,
Interests,Arts & Science,Pastimes,Handy around the house,TRUE,TRUE,Split,
Interests,Arts & Science,Pastimes,Handy with power tools,TRUE,TRUE,New,
Interests,Arts & Science,Pastimes,Likes to listen to podcasts or radios,TRUE,FALSE,Same,
Interests,Arts & Science,Pastimes,Likes to watch documentaries,TRUE,FALSE,Same,
Interests,Arts & Science,Pastimes,Likes to watch TV shows,TRUE,FALSE,Same,
Interests,Arts & Science,Pastimes,Not handy with power tools,FALSE,TRUE,New,TRUE
Interests,Arts & Science,Pastimes,Volunteers,TRUE,TRUE,Split,
Interests,Entertainment,Favorite Movie,Action movie fan,TRUE,TRUE,Wording change,
Interests,Entertainment,Favorite Movie,Animated movie fan,TRUE,TRUE,Wording change,
Interests,Entertainment,Favorite Movie,Comedy movie fan,TRUE,TRUE,Wording change,
Interests,Entertainment,Favorite Movie,Disney fan,TRUE,FALSE,Same,
Interests,Entertainment,Favorite Movie,Doesn't mind talking during movies,FALSE,TRUE,Split,TRUE
Interests,Entertainment,Favorite Movie,Doesn't need to love Star Wars,FALSE,TRUE,New,TRUE
Interests,Entertainment,Favorite Movie,Drama movies fan,TRUE,FALSE,Same,
Interests,Entertainment,Favorite Movie,Harry Potter fan,TRUE,FALSE,Same,
Interests,Entertainment,Favorite Movie,Historical movie fan,TRUE,TRUE,Wording change,
Interests,Entertainment,Favorite Movie,Horror and thriller movie fan,TRUE,TRUE,Split,
Interests,Entertainment,Favorite Movie,Horror movie fan,TRUE,TRUE,Split,
Interests,Entertainment,Favorite Movie,Likes movie dates,TRUE,TRUE,Wording change,
Interests,Entertainment,Favorite Movie,Marvel movies fan,TRUE,FALSE,Same,
Interests,Entertainment,Favorite Movie,No movie dates,FALSE,TRUE,New,TRUE
Interests,Entertainment,Favorite Movie,Not a fan of movies,FALSE,FALSE,Same,TRUE
Interests,Entertainment,Favorite Movie,Not a talker during movies,FALSE,TRUE,Wording change,TRUE
Interests,Entertainment,Favorite Movie,Pixar movie lover,TRUE,FALSE,Same,
Interests,Entertainment,Favorite Movie,Romance movie fan,TRUE,TRUE,Wording change,
Interests,Entertainment,Favorite Movie,Sci-fi movie fan,TRUE,TRUE,Wording change,
Interests,Entertainment,Favorite Movie,Star Wars fan,TRUE,FALSE,Same,
Interests,Entertainment,Favorite Movie,Talks during movies,TRUE,TRUE,Split,
Interests,Entertainment,Favorite Movie,Thriller movie fan,TRUE,TRUE,Wording change,
Interests,Entertainment,Music,Likes classical music,TRUE,TRUE,Wording change,
Interests,Entertainment,Music,Likes country music,TRUE,TRUE,Wording change,
Interests,Entertainment,Music,Likes EDM,TRUE,TRUE,Wording change,
Interests,Entertainment,Music,Likes heavy metal music,TRUE,TRUE,Wording change,
Interests,Entertainment,Music,Likes hip hop music,TRUE,TRUE,Wording change,
Interests,Entertainment,Music,Likes jazz music,TRUE,TRUE,Wording change,
Interests,Entertainment,Music,Likes K-pop,TRUE,TRUE,Wording change,
Interests,Entertainment,Music,Likes pop music,TRUE,TRUE,Wording change,
Interests,Entertainment,Music,Likes rock & roll music,TRUE,TRUE,Wording change,
Interests,Entertainment,Music,Loves to sing,TRUE,FALSE,Same,
Interests,Entertainment,Music,Music lover,TRUE,FALSE,Same,
Interests,Entertainment,Music,Musically talented,TRUE,FALSE,Same,
Interests,Entertainment,Music,Not a fan of singing,TRUE,FALSE,Same,
Interests,Entertainment,Music,Not a music lover,TRUE,TRUE,New,
Interests,Entertainment,Music,Plays an instrument,TRUE,FALSE,Same,
Interests,Entertainment,Music,Prefers to listen,FALSE,TRUE,Split,TRUE
Interests,Fitness,Active lifestyle compatibility,Afternoon exerciser,TRUE,TRUE,Split,
Interests,Fitness,Active lifestyle compatibility,Early morning exerciser,TRUE,TRUE,Split,
Interests,Fitness,Active lifestyle compatibility,Enjoys cardiovascular exercises,TRUE,FALSE,Same,
Interests,Fitness,Active lifestyle compatibility,Enjoys group exercise classes,TRUE,TRUE,Wording change,
Interests,Fitness,Active lifestyle compatibility,Evening exerciser,TRUE,TRUE,Split,
Interests,Fitness,Active lifestyle compatibility,Exercise is a lower priority,FALSE,TRUE,Split,
Interests,Fitness,Active lifestyle compatibility,Exercises for health goals,TRUE,FALSE,Same,
Interests,Fitness,Active lifestyle compatibility,Exercises for mental clarity,TRUE,FALSE,Same,
Interests,Fitness,Active lifestyle compatibility,Fitness is important,TRUE,FALSE,Same,
Interests,Fitness,Active lifestyle compatibility,Morning exerciser,TRUE,TRUE,Split,
Interests,Fitness,Active lifestyle compatibility,Motivated to exercise,TRUE,TRUE,Split,
Interests,Fitness,Active lifestyle compatibility,Motivates me to be better,TRUE,TRUE,Split,
Interests,Fitness,Active lifestyle compatibility,Open to exercising together,TRUE,TRUE,Wording change,
Interests,Fitness,Active lifestyle compatibility,Partner doesn't need to be fit,TRUE,TRUE,Split,
Interests,Fitness,Active lifestyle compatibility,Prefers at-home workouts,TRUE,TRUE,Wording change,
Interests,Fitness,Active lifestyle compatibility,Prefers gym-based fitness routines,TRUE,FALSE,Same,
Interests,Fitness,Active lifestyle compatibility,Prefers strength training over cardio,FALSE,FALSE,Same,
Interests,Fitness,Active lifestyle compatibility,Prefers to work out alone,FALSE,TRUE,Wording change,
Interests,Fitness,Active lifestyle compatibility,Prefers to workout in a studio,TRUE,FALSE,Same,
Interests,Fitness,Active lifestyle compatibility,Prefers to workout outside,TRUE,FALSE,Same,
Interests,Fitness,Active lifestyle compatibility,Seeks physically fit partner,FALSE,TRUE,Split,
Interests,Fitness,Active lifestyle compatibility,Unmotivated to exercise,FALSE,TRUE,Wording change,
Interests,Fitness,Active lifestyle compatibility,Values a partner's fitness,TRUE,TRUE,Split,
Interests,Fitness,Fitness/Sports,American football fan,TRUE,TRUE,Split,
Interests,Fitness,Fitness/Sports,Aquatic sports enthusiast,TRUE,FALSE,Same,
Interests,Fitness,Active lifestyle compatibility,Athlete,TRUE,FALSE,Same,
Interests,Fitness,Fitness/Sports,Bowler,TRUE,FALSE,Same,
Interests,Fitness,Fitness/Sports,Cyclist,TRUE,FALSE,Same,
Interests,Fitness,Fitness/Sports,Does yoga,TRUE,TRUE,Split,
Interests,Fitness,Fitness/Sports,Doesn't enjoy casual team sports,FALSE,TRUE,New,TRUE
Interests,Fitness,Fitness/Sports,Doesn't play sports with partner,FALSE,TRUE,Split,TRUE
Interests,Fitness,Fitness/Sports,Enjoys archery,TRUE,TRUE,Split,
Interests,Fitness,Fitness/Sports,Enjoys ATVing,TRUE,TRUE,Split,
Interests,Fitness,Fitness/Sports,Enjoys badminton,TRUE,TRUE,Wording change,
Interests,Fitness,Fitness/Sports,Enjoys baseball,TRUE,TRUE,Wording change,
Interests,Fitness,Fitness/Sports,Enjoys basketball,TRUE,TRUE,Wording change,
Interests,Fitness,Fitness/Sports,Enjoys boxing,TRUE,TRUE,Split,
Interests,Fitness,Fitness/Sports,Enjoys casual team sports,TRUE,TRUE,Split,
Interests,Fitness,Fitness/Sports,Enjoys cornhole,TRUE,TRUE,Split,
Interests,Fitness,Fitness/Sports,Enjoys cricket,TRUE,TRUE,Wording change,
Interests,Fitness,Fitness/Sports,Enjoys croquet,TRUE,TRUE,Split,
Interests,Fitness,Fitness/Sports,Enjoys figure skating,TRUE,TRUE,Split,
Interests,Fitness,Fitness/Sports,Enjoys fishing,TRUE,TRUE,Split,
Interests,Fitness,Fitness/Sports,Enjoys frisbee,TRUE,TRUE,Split,
Interests,Fitness,Fitness/Sports,Enjoys golf,TRUE,TRUE,Wording change,
Interests,Fitness,Fitness/Sports,Enjoys hockey,TRUE,TRUE,Split,
Interests,Fitness,Fitness/Sports,Enjoys kayaking,TRUE,TRUE,Split,
Interests,Fitness,Fitness/Sports,Enjoys mountain biking,TRUE,TRUE,Wording change,
Interests,Fitness,Fitness/Sports,Enjoys pickleball,TRUE,TRUE,Split,
Interests,Fitness,Fitness/Sports,Enjoys playing pool,TRUE,FALSE,Same,
Interests,Fitness,Fitness/Sports,Enjoys river rafting,TRUE,TRUE,Split,
Interests,Fitness,Fitness/Sports,Enjoys rugby,TRUE,TRUE,New,
Interests,Fitness,Fitness/Sports,Enjoys skiing,TRUE,TRUE,Split,
Interests,Fitness,Fitness/Sports,Enjoys snowboarding,TRUE,TRUE,Split,
Interests,Fitness,Fitness/Sports,Enjoys soccer,TRUE,TRUE,Split,
Interests,Fitness,Fitness/Sports,Enjoys football,TRUE,TRUE,Split,
Interests,Fitness,Fitness/Sports,Enjoys tennis,TRUE,TRUE,Wording change,
Interests,Fitness,Fitness/Sports,Fencing enthusiast,TRUE,FALSE,Same,
Interests,Fitness,Fitness/Sports,Figure skating fan,TRUE,TRUE,Split,
Interests,Fitness,Fitness/Sports,Formula One fan,TRUE,TRUE,Split,
Interests,Fitness,Fitness/Sports,Martial arts enthusiast,TRUE,FALSE,Same,
Interests,Fitness,Fitness/Sports,Mind-body wellness enthusiast,TRUE,FALSE,Same,
Interests,Fitness,Fitness/Sports,MMA fan,TRUE,FALSE,Same,
Interests,Fitness,Fitness/Sports,Motor sports fan,TRUE,FALSE,Same,
Interests,Fitness,Fitness/Sports,Netball fan,TRUE,FALSE,Same,
Interests,Fitness,Fitness/Sports,Open to watching combat sports,TRUE,TRUE,Split,
Interests,Fitness,Fitness/Sports,Padel player,TRUE,FALSE,Same,
Interests,Fitness,Fitness/Sports,Plays sports with partner,TRUE,TRUE,Split,
Interests,Fitness,Fitness/Sports,Roller skater,TRUE,TRUE,Split,
Interests,Fitness,Fitness/Sports,Sports lover,TRUE,FALSE,Same,
Interests,Fitness,Fitness/Sports,Table tennis player,TRUE,FALSE,Same,
Interests,Fitness,Fitness/Sports,Urban sports enthusiast,TRUE,FALSE,Same,
Interests,Fitness,Fitness/Sports,Volleyball fan,TRUE,TRUE,Wording change,
Interests,Fitness,Fitness/Sports,Winter sports enthusiast,TRUE,FALSE,Same,
Interests,Fitness,Fitness/Sports,Works out regularly,TRUE,FALSE,Same,
Interests,Fitness,Fitness/Sports,Wrestling fan,TRUE,TRUE,Split,
Interests,Hobbies & Interest,Cooking,Cooking is just a chore,FALSE,TRUE,Split,TRUE
Interests,Hobbies & Interest,Cooking,Cooks creatively,TRUE,TRUE,Wording change,
Interests,Hobbies & Interest,Cooking,Cooks using a recipe,TRUE,TRUE,Split,
Interests,Hobbies & Interest,Cooking,Enjoys cooking with partner,TRUE,TRUE,Split,
Interests,Hobbies & Interest,Cooking,Likes making smoothies or blended drinks,TRUE,FALSE,Same,
Interests,Hobbies & Interest,Cooking,Likes to cook for others,TRUE,TRUE,Split,
Interests,Hobbies & Interest,Cooking,Loves to bake,TRUE,FALSE,Same,
Interests,Hobbies & Interest,Cooking,Loves to cook,TRUE,FALSE,Same,
Interests,Hobbies & Interest,Cooking,Open to cooking with partner,TRUE,TRUE,Split,
Interests,Hobbies & Interest,Cooking,Partner doesn't need to cook,FALSE,TRUE,New,TRUE
Interests,Hobbies & Interest,Cooking,Prefers food delivery or takeouts,TRUE,FALSE,Same,
Interests,Hobbies & Interest,Cooking,Prefers not to cook with partner,FALSE,TRUE,Split,TRUE
Interests,Hobbies & Interest,Cooking,Relies on quick and easy meal prep,TRUE,FALSE,Same,
Interests,Hobbies & Interest,Cooking,Wants partner who can cook,TRUE,TRUE,New,
Interests,Hobbies & Interest,Creative date preferences,Creative hobbies are lower priority,FALSE,FALSE,Same,TRUE
Interests,Hobbies & Interest,Creative date preferences,Doesn't enjoy working with hands,FALSE,TRUE,New,TRUE
Interests,Hobbies & Interest,Creative date preferences,Enjoys aquarium visits,TRUE,FALSE,Same,
Interests,Hobbies & Interest,Creative date preferences,Enjoys comedy shows,TRUE,FALSE,Same,
Interests,Hobbies & Interest,Creative date preferences,Enjoys creative projects,TRUE,TRUE,Wording change,
Interests,Hobbies & Interest,Creative date preferences,Enjoys dance performances,TRUE,FALSE,Same,
Interests,Hobbies & Interest,Creative date preferences,Enjoys escape cafes,TRUE,FALSE,Same,
Interests,Hobbies & Interest,Creative date preferences,Enjoys exhibitions and expos,TRUE,FALSE,Same,
Interests,Hobbies & Interest,Creative date preferences,Enjoys exploring art galleries,TRUE,FALSE,Same,
Interests,Hobbies & Interest,Creative date preferences,Enjoys festivals and fairs,TRUE,FALSE,Same,
Interests,Hobbies & Interest,Creative date preferences,Enjoys hands-on creative projects,TRUE,FALSE,Same,
Interests,Hobbies & Interest,Creative date preferences,Enjoys live music performances,TRUE,FALSE,Same,
Interests,Hobbies & Interest,Creative date preferences,Enjoys museums,TRUE,TRUE,Wording change,
Interests,Hobbies & Interest,Creative date preferences,Enjoys musicals,TRUE,FALSE,Same,
Interests,Hobbies & Interest,Creative date preferences,Enjoys paint nights,TRUE,FALSE,Same,
Interests,Hobbies & Interest,Creative date preferences,Enjoys peace in nature,TRUE,TRUE,Wording change,
Interests,Hobbies & Interest,Creative date preferences,Enjoys sporting events,TRUE,TRUE,Wording change,
Interests,Hobbies & Interest,Creative date preferences,Enjoys visiting theaters,TRUE,FALSE,Same,
Interests,Hobbies & Interest,Creative date preferences,Enjoys working with hands,TRUE,TRUE,Split,
Interests,Hobbies & Interest,Creative date preferences,Has a creative hobby,TRUE,TRUE,Split,
Interests,Hobbies & Interest,Creative date preferences,Indie film enthusiast,TRUE,FALSE,Same,
Interests,Hobbies & Interest,Creative date preferences,Likes wildlife & adventure,TRUE,TRUE,Wording change,
Interests,Hobbies & Interest,Creative date preferences,Not interested in museum visits,FALSE,FALSE,Same,TRUE
Interests,Hobbies & Interest,Creative date preferences,Savors cozy and relaxed moments,TRUE,TRUE,New,
Interests,Hobbies & Interest,Gaming compatibility,Don't like watching video games,FALSE,TRUE,Split,TRUE
Interests,Hobbies & Interest,Gaming compatibility,Enjoys puzzles or casual games,TRUE,TRUE,Split,
Interests,Hobbies & Interest,Gaming compatibility,Enjoys watching video games,TRUE,TRUE,Split,
Interests,Hobbies & Interest,Gaming compatibility,Gamer,TRUE,FALSE,Same,
Interests,Hobbies & Interest,Gaming compatibility,Indifferent about gaming,TRUE,TRUE,Split,
Interests,Hobbies & Interest,Gaming compatibility,Not a gamer,FALSE,FALSE,Same,TRUE
Interests,Hobbies & Interest,Gaming compatibility,Occassionally plays games,TRUE,TRUE,Split,
Interests,Hobbies & Interest,Hobby compatibility,Don't need shared hobbies,FALSE,TRUE,Wording change,TRUE
Interests,Hobbies & Interest,Hobby compatibility,Interested in birding,TRUE,TRUE,Split,
Interests,Hobbies & Interest,Hobby compatibility,Interested in foraging,TRUE,TRUE,Split,
Interests,Hobbies & Interest,Hobby compatibility,Interested in interior design,TRUE,TRUE,Split,
Interests,Hobbies & Interest,Hobby compatibility,Interesting in antiquing,TRUE,TRUE,Split,
Interests,Hobbies & Interest,Hobby compatibility,Into taxidermy,TRUE,TRUE,Split,
Interests,Hobbies & Interest,Hobby compatibility,Prefers doing hobbies solo,FALSE,TRUE,Wording change,
Interests,Hobbies & Interest,Hobby compatibility,Shared hobbies are important,TRUE,TRUE,Wording change,
Interests,Hobbies & Interest,Hobby compatibility,Sharing a hobby matters in relationships,TRUE,FALSE,Same,
Interests,Hobbies & Interest,Unique interests,90s kid,TRUE,FALSE,Same,
Interests,Hobbies & Interest,Unique interests,Active on social media,TRUE,FALSE,Same,
Interests,Hobbies & Interest,Unique interests,Apple fan,TRUE,FALSE,Same,
Interests,Hobbies & Interest,Unique interests,Astrology enthusiast,TRUE,FALSE,Same,
Interests,Hobbies & Interest,Unique interests,Can operate industrial vehicle,TRUE,FALSE,Same,
Interests,Hobbies & Interest,Unique interests,Car enthusiast,TRUE,FALSE,Same,
Interests,Hobbies & Interest,Unique interests,Cartoon and anime fan,TRUE,FALSE,Same,
Interests,Hobbies & Interest,Unique interests,Enjoys collecting,TRUE,FALSE,Same,
Interests,Hobbies & Interest,Unique interests,Enjoys karaoke,TRUE,FALSE,Same,
Interests,Hobbies & Interest,Unique interests,Geek,TRUE,FALSE,Same,
Interests,Hobbies & Interest,Unique interests,Interior design enthusiast,TRUE,FALSE,Same,
Interests,Hobbies & Interest,Unique interests,Knows CPR,TRUE,FALSE,Same,
Interests,Hobbies & Interest,Unique interests,Loves to drive,TRUE,FALSE,Same,
Interests,Hobbies & Interest,Unique interests,Military enthusiast,TRUE,FALSE,Same,
Interests,Hobbies & Interest,Unique interests,Not active on social media,TRUE,FALSE,Same,
Interests,Hobbies & Interest,Unique interests,Pop culture fan,TRUE,FALSE,Same,
Interests,Hobbies & Interest,Unique interests,Serialy fan,TRUE,FALSE,Same,
Interests,Hobbies & Interest,Unique interests,Stately home visitor,TRUE,FALSE,Same,
Interests,Hobbies & Interest,Unique interests,Tech enthusiast,TRUE,FALSE,Same,
Interests,Outdoor & Adventure,Adventurousness,Enjoys culture on weekends,TRUE,TRUE,Wording change,
Interests,Outdoor & Adventure,Adventurousness,Enjoys indoor activities,TRUE,TRUE,Split,
Interests,Outdoor & Adventure,Adventurousness,Enjoys indoor and outdoor activities,TRUE,TRUE,Wording change,
Interests,Outdoor & Adventure,Adventurousness,Enjoys the outdoors,TRUE,TRUE,Split,
Interests,Outdoor & Adventure,Adventurousness,Neutral about outdoor activities,TRUE,FALSE,Same,
Interests,Outdoor & Adventure,Adventurousness,Prefers leisurely outdoor activities,TRUE,FALSE,Same,
Interests,Outdoor & Adventure,Adventurousness,Prefers nightlife on weekends,TRUE,FALSE,Same,
Interests,Outdoor & Adventure,Adventurousness,Productive on weekends,TRUE,TRUE,Wording change,
Interests,Outdoor & Adventure,Adventurousness,Relaxes on weekends,TRUE,TRUE,Wording change,
Interests,Outdoor & Adventure,Adventurousness,Weekends are for friends,FALSE,FALSE,Same,
Interests,Outdoor & Adventure,Outdoor experiences,Dislikes camping,FALSE,FALSE,Same,TRUE
Interests,Outdoor & Adventure,Adventurousness,Doesn't enjoy the outdoors,FALSE,TRUE,Split,TRUE
Interests,Outdoor & Adventure,Outdoor experiences,Enjoys camping,TRUE,FALSE,Same,
Interests,Outdoor & Adventure,Outdoor experiences,Enjoys casual strolls,TRUE,FALSE,Same,
Interests,Outdoor & Adventure,Outdoor experiences,Enjoys climbing,TRUE,FALSE,Same,
Interests,Outdoor & Adventure,Outdoor experiences,Enjoys hiking,TRUE,FALSE,Same,
Interests,Outdoor & Adventure,Outdoor experiences,Enjoys picnics,TRUE,FALSE,Same,
Interests,Outdoor & Adventure,Outdoor experiences,Enjoys poolside gatherings,TRUE,FALSE,Same,
Interests,Outdoor & Adventure,Outdoor experiences,Enjoys trekking,TRUE,FALSE,Same,
Interests,Outdoor & Adventure,Outdoor experiences,Enjoys urban exploration,TRUE,TRUE,Wording change,
Interests,Outdoor & Adventure,Outdoor experiences,Likes beach trips,TRUE,FALSE,Same,
Interests,Outdoor & Adventure,Outdoor experiences,Loves to go fishing,TRUE,FALSE,Same,
Interests,Outdoor & Adventure,Outdoor experiences,Not a fan of hiking,FALSE,TRUE,Wording change,TRUE
Interests,Outdoor & Adventure,Outdoor experiences,Not interested in picnics,FALSE,FALSE,Same,TRUE
Interests,Outdoor & Adventure,Outdoor experiences,Prefers glamping,TRUE,FALSE,Same,
Interests,Outdoor & Adventure,Travel compatibility,Comfortable with flying when traveling,FALSE,FALSE,Same,
Interests,Outdoor & Adventure,Travel compatibility,Culture focused traveler,TRUE,TRUE,Wording change,
Interests,Outdoor & Adventure,Travel compatibility,Don't travel often,TRUE,TRUE,New,
Interests,Outdoor & Adventure,Travel compatibility,Enjoys beach vacations,TRUE,TRUE,Wording change,
Interests,Outdoor & Adventure,Travel compatibility,Enjoys completely relaxing vacations,FALSE,FALSE,Same,
Interests,Outdoor & Adventure,Travel compatibility,Enjoys music based vacations,TRUE,TRUE,New,
Interests,Outdoor & Adventure,Travel compatibility,Enjoys nature vacations,TRUE,TRUE,Split,
Interests,Outdoor & Adventure,Travel compatibility,Enjoys touristy vacations,TRUE,TRUE,New,
Interests,Outdoor & Adventure,Travel compatibility,Enjoys traveling,TRUE,FALSE,Same,
Interests,Outdoor & Adventure,Travel compatibility,Enjoys urban vacations,TRUE,TRUE,New,
Interests,Outdoor & Adventure,Travel compatibility,Food focused traveler,TRUE,TRUE,Wording change,
Interests,Outdoor & Adventure,Travel compatibility,Has a passport,FALSE,FALSE,Same,
Interests,Outdoor & Adventure,Travel compatibility,Not afraid of flying,FALSE,TRUE,Wording change,
Interests,Outdoor & Adventure,Travel compatibility,Not an international traveler,FALSE,TRUE,New,TRUE
Interests,Outdoor & Adventure,Travel compatibility,Open to high travel expenses,TRUE,FALSE,Same,
Interests,Outdoor & Adventure,Travel compatibility,Prefers beach relaxation vacations,TRUE,FALSE,Same,
Interests,Outdoor & Adventure,Travel compatibility,Prefers budget-friendly travel,TRUE,FALSE,Same,
Interests,Outdoor & Adventure,Travel compatibility,Prefers nature-focused vacations,TRUE,FALSE,Same,
Interests,Outdoor & Adventure,Travel compatibility,Prefers smooth travels without delays,TRUE,FALSE,Same,
Interests,Outdoor & Adventure,Travel compatibility,Prefers to avoid flying when traveling,TRUE,FALSE,Same,
Interests,Outdoor & Adventure,Travel compatibility,Prefers to travel with a solid plans,TRUE,FALSE,Same,
Interests,Outdoor & Adventure,Travel compatibility,Prefers to travel with flexible plans,TRUE,FALSE,Same,
Interests,Outdoor & Adventure,Travel compatibility,Relaxation focused traveler,TRUE,TRUE,Wording change,
Interests,Outdoor & Adventure,Travel compatibility,Stays in hostels when traveling,TRUE,TRUE,Wording change,
Interests,Outdoor & Adventure,Travel compatibility,Stays in hotels when traveling,TRUE,TRUE,Split,
Interests,Outdoor & Adventure,Travel compatibility,Touristy traveler,TRUE,TRUE,New,
Interests,Outdoor & Adventure,Travel compatibility,Travel is a big part of my life,TRUE,TRUE,Wording change,
Interests,Outdoor & Adventure,Travel compatibility,Travels to places with familiar language,TRUE,FALSE,Same,
Interests,Outdoor & Adventure,Travel compatibility,Travels with an itinerary,TRUE,TRUE,Wording change,
Interests,Outdoor & Adventure,Travel compatibility,Travels without an itinerary,TRUE,TRUE,Wording change,
Interests,Outdoor & Adventure,Travel compatibility,Would love to live on a boat,TRUE,TRUE,Split,
Interests,Outdoor & Adventure,Travel compatibility,Would not live on a boat,FALSE,TRUE,Split,TRUE
Interests,Pets,Pet compatibility,Allergic to cats and dogs,TRUE,TRUE,Split,
Interests,Pets,Pet compatibility,Cat allergy,TRUE,TRUE,Split,
Interests,Pets,Pet compatibility,Currently a pet owner,TRUE,FALSE,Same,
Interests,Pets,Pet compatibility,Dog allergy,TRUE,TRUE,Split,
Interests,Pets,Pet compatibility,Maybe interested in pets,TRUE,TRUE,Split,
Interests,Pets,Pet compatibility,Not allergic to animals,TRUE,TRUE,Split,
Interests,Pets,Pet compatibility,Not interested in pet adoption,FALSE,TRUE,Split,
Interests,Pets,Pet compatibility,Occasionally pet sits,TRUE,FALSE,Same,
Interests,Pets,Pet compatibility,Open to pet adoption,TRUE,TRUE,Wording change,
Interests,Pets,Pet friendliness,Animal lover,TRUE,FALSE,Same,
Interests,Pets,Pet friendliness,Bird lover,TRUE,FALSE,Same,
Interests,Pets,Pet friendliness,Cat lover,TRUE,FALSE,Same,
Interests,Pets,Pet friendliness,Doesn't need to love cats,FALSE,TRUE,New,
Interests,Pets,Pet friendliness,Doesn't need to love dogs,FALSE,TRUE,New,
Interests,Pets,Pet friendliness,Dog lover,TRUE,FALSE,Same,
Interests,Pets,Pet friendliness,Exotic pet lover,TRUE,FALSE,Same,
Interests,Pets,Pet friendliness,Loves dogs on dates,TRUE,TRUE,Wording change,
Interests,Pets,Pet friendliness,Loves pet fish,TRUE,FALSE,Same,
Interests,Pets,Pet friendliness,Not a plant parent,FALSE,TRUE,New,
Interests,Pets,Pet friendliness,Plant parent,TRUE,FALSE,Same,
Interests,Pets,Pet friendliness,Prefers dog-free dates,FALSE,TRUE,New,
Interests,Pets,Pet friendliness,Prefers no pets,FALSE,FALSE,Same,TRUE
Interests,Pets,Pet friendliness,Scared of animals,TRUE,FALSE,Same,
Interests,Recreational Drugs,Views on recreational drugs,Does not use drugs,FALSE,FALSE,Same,
Lifestyle,Career,Career priorities,Bachelor's degree,FALSE,FALSE,Same,
Lifestyle,Career,Career priorities,Balances work and life,TRUE,FALSE,Same,
Lifestyle,Career,Career priorities,Career-focused,TRUE,TRUE,Wording change,
Lifestyle,Career,Career priorities,Has a clear career goal,TRUE,FALSE,Same,
Lifestyle,Career,Career priorities,High school graduate,FALSE,FALSE,Same,
Lifestyle,Career,Career priorities,In college,FALSE,FALSE,Same,
Lifestyle,Career,Career priorities,In grad school,FALSE,FALSE,Same,
Lifestyle,Career,Career priorities,In trade school,FALSE,FALSE,Same,
Lifestyle,Career,Career priorities,Master's,FALSE,FALSE,Same,
Lifestyle,Career,Career priorities,No set 5-year career plan,FALSE,TRUE,New,
Lifestyle,Career,Career priorities,Open to moving for dream job,FALSE,TRUE,Split,
Lifestyle,Career,Career priorities,Open to relocating for career,FALSE,FALSE,Same,
Lifestyle,Career,Career priorities,Open to travel for work,FALSE,TRUE,Split,
Lifestyle,Career,Career priorities,PhD,FALSE,FALSE,Same,
Lifestyle,Career,Career priorities,Plans to be financial provider,TRUE,TRUE,New,
Lifestyle,Career,Career priorities,Values partner's career,TRUE,TRUE,Split,
Lifestyle,Career,Career priorities,Values work fulfillment over titles,TRUE,FALSE,Same,
Lifestyle,Career,Career priorities,Wouldn't move away for dream job,FALSE,TRUE,New,
Lifestyle,Career,Work vibes,Currently has a job,FALSE,FALSE,Same,
Lifestyle,Career,Work vibes,Doesn't travel for work,TRUE,TRUE,Split,
Lifestyle,Career,Work vibes,Is in the professional service industry,TRUE,FALSE,Same,
Lifestyle,Career,Work vibes,Not a business owner,FALSE,TRUE,New,
Lifestyle,Career,Work vibes,Owns a business,TRUE,FALSE,Same,
Lifestyle,Career,Work vibes,Prefers similar work schedules,TRUE,TRUE,New,
Lifestyle,Career,Work vibes,Rarely or never travels for work,TRUE,TRUE,Split,
Lifestyle,Career,Work vibes,Regularly travels for work,TRUE,TRUE,Wording change,
Lifestyle,Career,Work vibes,Serves in the military,TRUE,FALSE,Same,
Lifestyle,Career,Work vibes,Work is usually outside of 9 to 5,FALSE,FALSE,Same,
Lifestyle,Career,Work vibes,Works in construction & real estate,TRUE,FALSE,Same,
Lifestyle,Career,Work vibes,Works in engineering and infrastructure,TRUE,FALSE,Same,
Lifestyle,Career,Work vibes,Works in the agriculture industry,TRUE,FALSE,Same,
Lifestyle,Career,Work vibes,Works in the arts and media industry,TRUE,FALSE,Same,
Lifestyle,Career,Work vibes,Works in the aviation industry,TRUE,FALSE,Same,
Lifestyle,Career,Work vibes,Works in the culinary industry,TRUE,FALSE,Same,
Lifestyle,Career,Work vibes,Works in the e-commerce industry,TRUE,FALSE,Same,
Lifestyle,Career,Work vibes,Works in the education industry,TRUE,FALSE,Same,
Lifestyle,Career,Work vibes,Works in the entertainment industry,TRUE,FALSE,Same,
Lifestyle,Career,Work vibes,Works in the fashion industry,TRUE,FALSE,Same,
Lifestyle,Career,Work vibes,Works in the financial industry,TRUE,FALSE,Same,
Lifestyle,Career,Work vibes,Works in the food and beverage industry,TRUE,FALSE,Same,
Lifestyle,Career,Work vibes,Works in the healthcare industry,TRUE,FALSE,Same,
Lifestyle,Career,Work vibes,Works in the IT industry,TRUE,FALSE,Same,
Lifestyle,Career,Work vibes,Works in the legal industry,TRUE,FALSE,Same,
Lifestyle,Career,Work vibes,Works in the manufacturing industry,TRUE,FALSE,Same,
Lifestyle,Career,Work vibes,Works in the non-profit/NGO sector,TRUE,FALSE,Same,
Lifestyle,Career,Work vibes,Works in the pharmaceutical industry,TRUE,FALSE,Same,
Lifestyle,Career,Work vibes,Works in the retail industry,TRUE,FALSE,Same,
Lifestyle,Career,Work vibes,Works in the service industry,TRUE,FALSE,Same,
Lifestyle,Career,Work vibes,Works in the sports industry,TRUE,FALSE,Same,
Lifestyle,Career,Work vibes,Works in transportation and logistics,TRUE,FALSE,Same,
Lifestyle,Drinking,Alcohol consumption,Beer lover,TRUE,FALSE,Same,
Lifestyle,Drinking,Alcohol consumption,Cocktail lover,TRUE,FALSE,Same,
Lifestyle,Drinking,Alcohol consumption,Espresso martini lover,TRUE,FALSE,Same,
Lifestyle,Drinking,Alcohol consumption,Frequent drinker,TRUE,FALSE,Same,
Lifestyle,Drinking,Alcohol consumption,Gin lover,TRUE,FALSE,Same,
Lifestyle,Drinking,Alcohol consumption,Hard seltzer lover,TRUE,FALSE,Same,
Lifestyle,Drinking,Alcohol consumption,Mezcal lover,TRUE,FALSE,Same,
Lifestyle,Drinking,Alcohol consumption,Non-drinker,TRUE,FALSE,Same,
Lifestyle,Drinking,Alcohol consumption,Occasional drinker,TRUE,FALSE,Same,
Lifestyle,Drinking,Alcohol consumption,Prefers coffee date over drinks,TRUE,TRUE,Wording change,
Lifestyle,Drinking,Alcohol consumption,Prefers drinks over a coffee date,TRUE,TRUE,New,
Lifestyle,Drinking,Alcohol consumption,Sake lover,TRUE,FALSE,Same,
Lifestyle,Drinking,Alcohol consumption,Shots lover,TRUE,FALSE,Same,
Lifestyle,Drinking,Alcohol consumption,Social drinker,TRUE,FALSE,Same,
Lifestyle,Drinking,Alcohol consumption,Tequila lover,TRUE,FALSE,Same,
Lifestyle,Drinking,Alcohol consumption,Vodka lover,TRUE,FALSE,Same,
Lifestyle,Drinking,Alcohol consumption,Weekend drinker,TRUE,FALSE,Same,
Lifestyle,Drinking,Alcohol consumption,Whiskey lover,TRUE,FALSE,Same,
Lifestyle,Drinking,Alcohol consumption,Wine lover,TRUE,FALSE,Same,
Lifestyle,Food & Cooking,Dietary restrictions,Consumes dairy,FALSE,TRUE,Split,
Lifestyle,Food & Cooking,Dietary restrictions,Doesn't consume dairy,FALSE,TRUE,New,
Lifestyle,Food & Cooking,Dietary restrictions,Follows a flexitarian diet,TRUE,FALSE,Same,
Lifestyle,Food & Cooking,Dietary restrictions,Follows a gluten-free diet,TRUE,FALSE,Same,
Lifestyle,Food & Cooking,Dietary restrictions,Follows a halal diet,TRUE,FALSE,Same,
Lifestyle,Food & Cooking,Dietary restrictions,Follows a ketogenic diet,TRUE,FALSE,Same,
Lifestyle,Food & Cooking,Dietary restrictions,Follows a kosher diet,TRUE,FALSE,Same,
Lifestyle,Food & Cooking,Dietary restrictions,Follows a pescatarian diet,TRUE,FALSE,Same,
Lifestyle,Food & Cooking,Dietary restrictions,Follows a vegan diet,TRUE,FALSE,Same,
Lifestyle,Food & Cooking,Dietary restrictions,Follows a vegetarian diet,TRUE,FALSE,Same,
Lifestyle,Food & Cooking,Dietary restrictions,Lactose intolerant,TRUE,FALSE,Same,
Lifestyle,Food & Cooking,Dietary restrictions,No dietary restrictions,TRUE,FALSE,Same,
Lifestyle,Food & Cooking,Dietary restrictions,Non-vegan,TRUE,TRUE,Split,
Lifestyle,Food & Cooking,Dietary restrictions,Not a picky eater,TRUE,TRUE,Split,
Lifestyle,Food & Cooking,Dining compatibility,Adventurous eater,TRUE,FALSE,Same,
Lifestyle,Food & Cooking,Dining compatibility,Craving-driven eater,TRUE,FALSE,Same,
Lifestyle,Food & Cooking,Dining compatibility,Doesn't hang out at cafes,FALSE,TRUE,Split,TRUE
Lifestyle,Food & Cooking,Dining compatibility,Enjoys American food,TRUE,TRUE,Wording change,
Lifestyle,Food & Cooking,Dining compatibility,Enjoys Asian food,TRUE,TRUE,Wording change,
Lifestyle,Food & Cooking,Dining compatibility,Enjoys fancy rooftop events,TRUE,FALSE,Same,
Lifestyle,Food & Cooking,Dining compatibility,Enjoys Italian food,TRUE,TRUE,Wording change,
Lifestyle,Food & Cooking,Dining compatibility,Enjoys trying new places,TRUE,TRUE,Split,
Lifestyle,Food & Cooking,Dining compatibility,Enjoys vegetarian food,TRUE,TRUE,Wording change,
Lifestyle,Food & Cooking,Dining compatibility,Likes mild spiciness,TRUE,TRUE,Split,
Lifestyle,Food & Cooking,Dining compatibility,Likes spicy and mild food,TRUE,TRUE,New,
Lifestyle,Food & Cooking,Dining compatibility,Likes spicy food,FALSE,FALSE,Same,
Lifestyle,Food & Cooking,Dining compatibility,Likes to visit new restaurants,TRUE,FALSE,Same,
Lifestyle,Food & Cooking,Dining compatibility,Loves hanging at cafes,TRUE,TRUE,Wording change,
Lifestyle,Food & Cooking,Dining compatibility,Meal planner,FALSE,TRUE,New,
Lifestyle,Food & Cooking,Dining compatibility,Not an adventurous eater,FALSE,TRUE,New,TRUE
Lifestyle,Food & Cooking,Dining compatibility,Prefers not to share food,FALSE,FALSE,Same,
Lifestyle,Food & Cooking,Dining compatibility,Shares food at restaurants,FALSE,TRUE,Wording change,TRUE
Lifestyle,Food & Cooking,Food preference,Avoids fast food,TRUE,FALSE,Same,
Lifestyle,Food & Cooking,Food preference,Boba tea lover,TRUE,FALSE,Same,
Lifestyle,Food & Cooking,Food preference,Burger lover,TRUE,FALSE,Same,
Lifestyle,Food & Cooking,Food preference,Chinese food lover,TRUE,FALSE,Same,
Lifestyle,Food & Cooking,Food preference,Coffee lover,TRUE,FALSE,Same,
Lifestyle,Food & Cooking,Food preference,Coke lover,TRUE,FALSE,Same,
Lifestyle,Food & Cooking,Food preference,Doesn't drink coffee,TRUE,FALSE,Same,
Lifestyle,Food & Cooking,Food preference,Drinks soda,TRUE,FALSE,Same,
Lifestyle,Food & Cooking,Food preference,Eats chicken,TRUE,FALSE,Same,
Lifestyle,Food & Cooking,Food preference,Eats meat,TRUE,TRUE,Wording change,
Lifestyle,Food & Cooking,Food preference,Energy drink lover,TRUE,FALSE,Same,
Lifestyle,Food & Cooking,Food preference,Enjoys bacon and eggs,TRUE,TRUE,Split,
Lifestyle,Food & Cooking,Food preference,Enjoys bananas,TRUE,TRUE,Split,
Lifestyle,Food & Cooking,Food preference,Enjoys bread,TRUE,TRUE,Split,
Lifestyle,Food & Cooking,Food preference,Enjoys cereal,TRUE,TRUE,Wording change,
Lifestyle,Food & Cooking,Food preference,Enjoys cheesecake,TRUE,TRUE,Wording change,
Lifestyle,Food & Cooking,Food preference,Enjoys chocolate,TRUE,TRUE,Split,
Lifestyle,Food & Cooking,Food preference,Enjoys cookies,TRUE,TRUE,Wording change,
Lifestyle,Food & Cooking,Food preference,Enjoys crepes,TRUE,TRUE,Split,
Lifestyle,Food & Cooking,Food preference,Enjoys croissants,TRUE,TRUE,Split,
Lifestyle,Food & Cooking,Food preference,Enjoys cronuts,TRUE,TRUE,Wording change,
Lifestyle,Food & Cooking,Food preference,Enjoys dim sum,TRUE,TRUE,Split,
Lifestyle,Food & Cooking,Food preference,Enjoys dining out,TRUE,FALSE,Same,
Lifestyle,Food & Cooking,Food preference,Enjoys donuts,TRUE,TRUE,Split,
Lifestyle,Food & Cooking,Food preference,Enjoys fine dining,TRUE,TRUE,Wording change,
Lifestyle,Food & Cooking,Food preference,Enjoys ice cream,TRUE,TRUE,Wording change,
Lifestyle,Food & Cooking,Food preference,Enjoys muffins,TRUE,TRUE,Split,
Lifestyle,Food & Cooking,Food preference,Enjoys noodles,TRUE,TRUE,Split,
Lifestyle,Food & Cooking,Food preference,Enjoys pancake,TRUE,TRUE,Wording change,
Lifestyle,Food & Cooking,Food preference,Enjoys sandwiches,TRUE,TRUE,Split,
Lifestyle,Food & Cooking,Food preference,Enjoys shaved ice,TRUE,TRUE,Wording change,
Lifestyle,Food & Cooking,Food preference,Enjoys waffles,TRUE,TRUE,Split,
Lifestyle,Food & Cooking,Food preference,Enjoys yogurt,TRUE,TRUE,Split,
Lifestyle,Food & Cooking,Food preference,Frequently eats fast food,TRUE,FALSE,Same,
Lifestyle,Food & Cooking,Food preference,Fries lover,TRUE,FALSE,Same,
Lifestyle,Food & Cooking,Food preference,Global foodie explorer,TRUE,FALSE,Same,
Lifestyle,Food & Cooking,Food preference,Indian food lover,TRUE,FALSE,Same,
Lifestyle,Food & Cooking,Food preference,Japanese food lover,TRUE,FALSE,Same,
Lifestyle,Food & Cooking,Food preference,Juice lover,TRUE,FALSE,Same,
Lifestyle,Food & Cooking,Food preference,Kebab lover,TRUE,FALSE,Same,
Lifestyle,Food & Cooking,Food preference,Korean food lover,TRUE,FALSE,Same,
Lifestyle,Food & Cooking,Food preference,Likes brunch,TRUE,FALSE,Same,
Lifestyle,Food & Cooking,Food preference,Likes fresh fruits,TRUE,FALSE,Same,
Lifestyle,Food & Cooking,Food preference,Mexican food lover,TRUE,FALSE,Same,
Lifestyle,Food & Cooking,Food preference,Momos lover,TRUE,FALSE,Same,
Lifestyle,Food & Cooking,Food preference,Never orders takeout,TRUE,TRUE,Wording change,
Lifestyle,Food & Cooking,Food preference,Pasta lover,TRUE,FALSE,Same,
Lifestyle,Food & Cooking,Food preference,Pizza lover,TRUE,FALSE,Same,
Lifestyle,Food & Cooking,Food preference,Pragmatic coffee drinker,TRUE,FALSE,Same,
Lifestyle,Food & Cooking,Food preference,Prefers healthy foods,TRUE,TRUE,Wording change,
Lifestyle,Food & Cooking,Food preference,Prefers healthy midnight snacks,TRUE,FALSE,Same,
Lifestyle,Food & Cooking,Food preference,Prefers hearty midnight snacks,TRUE,FALSE,Same,
Lifestyle,Food & Cooking,Food preference,Prefers quick midnight snacks,TRUE,FALSE,Same,
Lifestyle,Food & Cooking,Food preference,Ramen lover,TRUE,FALSE,Same,
Lifestyle,Food & Cooking,Food preference,Rarely eats fast food,TRUE,FALSE,Same,
Lifestyle,Food & Cooking,Food preference,Rarely orders takeout,TRUE,TRUE,Split,
Lifestyle,Food & Cooking,Food preference,Regularly eats fast food,TRUE,TRUE,Split,
Lifestyle,Food & Cooking,Food preference,Regularly orders takeout,TRUE,TRUE,Wording change,
Lifestyle,Food & Cooking,Food preference,Salad lover,TRUE,FALSE,Same,
Lifestyle,Food & Cooking,Food preference,Seafood lover,TRUE,FALSE,Same,
Lifestyle,Food & Cooking,Food preference,Sometimes eats fast food,TRUE,TRUE,Wording change,
Lifestyle,Food & Cooking,Food preference,Sometimes orders takeout,TRUE,TRUE,Split,
Lifestyle,Food & Cooking,Food preference,Sophisticated cheese enthusiast,TRUE,FALSE,Same,
Lifestyle,Food & Cooking,Food preference,Spanish food lover,TRUE,FALSE,Same,
Lifestyle,Food & Cooking,Food preference,Street food lover,TRUE,FALSE,Same,
Lifestyle,Food & Cooking,Food preference,Sushi lover,TRUE,FALSE,Same,
Lifestyle,Food & Cooking,Food preference,Sweet tooth,TRUE,FALSE,Same,
Lifestyle,Food & Cooking,Food preference,Taco lover,TRUE,FALSE,Same,
Lifestyle,Food & Cooking,Food preference,Tea lover,TRUE,FALSE,Same,
Lifestyle,Food & Cooking,Food preference,Thai food lover,TRUE,FALSE,Same,
Lifestyle,Food & Cooking,Food preference,Vietnamese food lover,TRUE,FALSE,Same,
Lifestyle,Food & Cooking,Food preference,Water is supreme over other drinks,TRUE,FALSE,Same,
Lifestyle,Food & Cooking,Food preference,Won't splurge on a special meal,TRUE,TRUE,New,
Lifestyle,Food & Cooking,Food preference,Would splurge on a special meal,TRUE,TRUE,New,
Lifestyle,Food & Cooking,Food preference,Zero coke drinker,TRUE,FALSE,Same,
Lifestyle,Sleep pattern,Daily routine compatibility,Active at night,TRUE,FALSE,Same,
Lifestyle,Sleep pattern,Daily routine compatibility,Early morning riser,TRUE,TRUE,Wording change,
Lifestyle,Sleep pattern,Daily routine compatibility,Flexible sleep schedule,TRUE,TRUE,Wording change,
Lifestyle,Sleep pattern,Daily routine compatibility,Highly adaptable to late nights,TRUE,FALSE,Same,
Lifestyle,Sleep pattern,Daily routine compatibility,Keeps a regular sleep schedule,TRUE,TRUE,Wording change,
Lifestyle,Sleep pattern,Daily routine compatibility,Open to different sleep schedules,TRUE,FALSE,Same,
Lifestyle,Sleep pattern,Daily routine compatibility,Similar sleep schedule is important,TRUE,FALSE,Same,
Lifestyle,Sleep pattern,Daily routine compatibility,Sleeps in late,TRUE,TRUE,Split,
Lifestyle,Smoking,Smoking,Avoids smoke in public,FALSE,FALSE,Same,
Lifestyle,Smoking,Smoking,Bothered by cigarette smoke,FALSE,TRUE,Wording change,
Lifestyle,Smoking,Smoking,Doesn't mind cigarette smoke,FALSE,TRUE,Wording change,
Lifestyle,Smoking,Smoking,Doesn't smoke hookah,FALSE,TRUE,New,
Lifestyle,Smoking,Smoking,Doesn't vape,FALSE,TRUE,New,
Lifestyle,Smoking,Smoking,Non-smoker,FALSE,FALSE,Same,
Lifestyle,Smoking,Smoking,Open to dating smokers,FALSE,FALSE,Same,
Lifestyle,Smoking,Smoking,Open to dating someone who vapes,FALSE,FALSE,Same,
Lifestyle,Smoking,Smoking,Prefers non-smoking partners,FALSE,FALSE,Same,
Lifestyle,Smoking,Smoking,Prefers someone who doesn't vape,FALSE,FALSE,Same,
Lifestyle,Smoking,Smoking,Smokes and/or vapes,FALSE,FALSE,Same,
Lifestyle,Smoking,Smoking,Smokes hookah,FALSE,TRUE,New,
Lifestyle,Smoking,Smoking,Trying to quit,FALSE,FALSE,Same,
Lifestyle,Smoking,Smoking,Vapes,FALSE,TRUE,New,
Values,Cleanliness,Organization,Casual about tidiness,TRUE,FALSE,Same,
Values,Cleanliness,Organization,Highly neat and organized,TRUE,FALSE,Same,
Values,Cleanliness,Organization,Is a minimalist,TRUE,FALSE,Same,
Values,Cleanliness,Organization,Minimalist,TRUE,TRUE,Wording change,
Values,Cleanliness,Organization,Needs to be tidy,TRUE,TRUE,Split,
Values,Cleanliness,Organization,Not a minimalist,TRUE,FALSE,Same,
Values,Cleanliness,Organization,Values cleanliness,TRUE,TRUE,Split,
Values,Current Family,Current family situation,Doesn't have kids,FALSE,TRUE,Split,
Values,Current Family,Current family situation,Has 2+ siblings,TRUE,TRUE,Split,
Values,Current Family,Current family situation,Has a sibling,TRUE,FALSE,Same,
Values,Current Family,Current family situation,Has a twin,TRUE,TRUE,Split,
Values,Current Family,Current family situation,Has an evil twin,TRUE,TRUE,Split,
Values,Current Family,Current family situation,Has kids,FALSE,TRUE,Split,
Values,Current Family,Current family situation,Has multiple siblings,TRUE,FALSE,Same,
Values,Current Family,Current family situation,Lives alone,TRUE,FALSE,Same,
Values,Current Family,Current family situation,Lives with a ghost,TRUE,TRUE,New,
Values,Current Family,Current family situation,Lives with family,TRUE,FALSE,Same,
Values,Current Family,Current family situation,Lives with pets,TRUE,FALSE,Same,
Values,Current Family,Current family situation,Lives with roommates,TRUE,TRUE,Wording change,
Values,Current Family,Current family situation,Not fond of family gatherings,FALSE,FALSE,Same,TRUE
Values,Current Family,Current family situation,Not open to dating someone with kids,FALSE,TRUE,Split,
Values,Current Family,Current family situation,Only child,TRUE,FALSE,Same,
Values,Current Family,Current family situation,Open to dating someone with kids,FALSE,TRUE,Split,
Values,Current Family,Current family situation,Single parent,TRUE,FALSE,Same,
Values,Future Family,Family planning,Doesn't want a child yet,TRUE,FALSE,Same,
Values,Future Family,Family planning,Happy with current number of children,FALSE,FALSE,Same,
Values,Future Family,Family planning,Not open to adoption,FALSE,FALSE,Same,
Values,Future Family,Family planning,Not open to being a stepparent,FALSE,TRUE,Split,
Values,Future Family,Family planning,Not open to fostering kids,FALSE,TRUE,Split,
Values,Future Family,Family planning,Open to adoption,TRUE,FALSE,Same,
Values,Future Family,Family planning,Open to being a stepparent,TRUE,TRUE,Split,
Values,Future Family,Family planning,Open to fostering kids,TRUE,TRUE,Split,
Values,Future Family,Family planning,Wants a big family,TRUE,TRUE,New,
Values,Future Family,Family planning,Wants children,TRUE,FALSE,Same,
Values,Future Family,Family values,Close with extended family,TRUE,TRUE,Split,
Values,Future Family,Family values,Enjoys time with family,TRUE,TRUE,Split,
Values,Future Family,Family values,Independent with minimal family contact,FALSE,FALSE,Same,TRUE
Values,Future Family,Family values,Not bound by family traditions,FALSE,FALSE,Same,TRUE
Values,Future Family,Family values,Occasionally connects with family,TRUE,FALSE,Same,
Values,Future Family,Family values,Regularly connects with family,TRUE,FALSE,Same,
Values,Future Family,Family values,Stays in touch with family,TRUE,TRUE,Split,
Values,Future Family,Family values,Strong family loyalty,TRUE,TRUE,Split,
Values,Future Family,Family values,Values family traditions,TRUE,FALSE,Same,
Values,Open-mindedness,Cultural Background,Can be a different cultural background,FALSE,TRUE,Wording change,
Values,Open-mindedness,Cultural Background,Casual language learner,TRUE,FALSE,Same,
Values,Open-mindedness,Cultural Background,Curious to learn languages,TRUE,TRUE,Wording change,
Values,Open-mindedness,Cultural Background,Eager to use newly learned langauge,TRUE,FALSE,Same,
Values,Open-mindedness,Cultural Background,Has lived abroad,TRUE,TRUE,New,
Values,Open-mindedness,Cultural Background,Hasn't lived abroad,TRUE,TRUE,New,
Values,Open-mindedness,Cultural Background,Lives in Africa,TRUE,FALSE,Same,
Values,Open-mindedness,Cultural Background,Lives in Australia,TRUE,FALSE,Same,
Values,Open-mindedness,Cultural Background,Lives in Central Asia,TRUE,FALSE,Same,
Values,Open-mindedness,Cultural Background,Lives in East Asia,TRUE,FALSE,Same,
Values,Open-mindedness,Cultural Background,Lives in Europe,TRUE,FALSE,Same,
Values,Open-mindedness,Cultural Background,Lives in New Zealand,TRUE,FALSE,Same,
Values,Open-mindedness,Cultural Background,Lives in North America,TRUE,FALSE,Same,
Values,Open-mindedness,Cultural Background,Lives in Polar Regions,TRUE,FALSE,Same,
Values,Open-mindedness,Cultural Background,Lives in South America,TRUE,FALSE,Same,
Values,Open-mindedness,Cultural Background,Lives in South Asia,TRUE,FALSE,Same,
Values,Open-mindedness,Cultural Background,Lives in Southeast Asia,TRUE,FALSE,Same,
Values,Open-mindedness,Cultural Background,Lives in the Middle East,TRUE,FALSE,Same,
Values,Open-mindedness,Cultural Background,Lives in the Pacific Islands,TRUE,FALSE,Same,
Values,Open-mindedness,Cultural Background,Lives in the US,TRUE,FALSE,Same,
Values,Open-mindedness,Cultural Background,Multilingual,TRUE,FALSE,Same,
Values,Open-mindedness,Cultural Background,Open to multilingual relationship,FALSE,TRUE,Wording change,
Values,Open-mindedness,Cultural Background,Preferably of shared cultural background,FALSE,TRUE,Split,
Values,Open-mindedness,Cultural Background,Prefers shared culture in dating,FALSE,FALSE,Same,
Values,Open-mindedness,Cultural Background,Prefers to share language,FALSE,TRUE,Split,
Values,Open-mindedness,Cultural Background,Struggling with language learning,TRUE,FALSE,Same,
Values,Open-mindedness,Cultural Background,Values family-oriented partner,TRUE,FALSE,Same,
Values,Open-mindedness,Cultural Background,Values modern and independent partner,TRUE,FALSE,Same,
Values,Open-mindedness,Cultural Background,Values shared language in relationship,TRUE,FALSE,Same,
Values,Open-mindedness,Open-mindedness,Cautious about trying new things,TRUE,TRUE,Wording change,
Values,Open-mindedness,Open-mindedness,Doesn't have brightly dyed hair,FALSE,TRUE,Split,
Values,Open-mindedness,Open-mindedness,Doesn't have piercings,FALSE,TRUE,Split,
Values,Open-mindedness,Open-mindedness,Has common piercings,FALSE,FALSE,Same,TRUE
Values,Open-mindedness,Open-mindedness,Has piercings,FALSE,TRUE,Wording change,TRUE
Values,Open-mindedness,Open-mindedness,Has tattoos,FALSE,FALSE,Same,TRUE
Values,Open-mindedness,Open-mindedness,Like to try new dishes,TRUE,TRUE,Split,
Values,Open-mindedness,Open-mindedness,Likes trying new things,TRUE,TRUE,Split,
Values,Open-mindedness,Open-mindedness,No piercings,TRUE,TRUE,Split,
Values,Open-mindedness,Open-mindedness,No tattoos,TRUE,TRUE,Split,
Values,Open-mindedness,Open-mindedness,Open to exploring new social events,TRUE,FALSE,Same,
Values,Open-mindedness,Open-mindedness,Open to new forms of self-expression,TRUE,FALSE,Same,
Values,Open-mindedness,Open-mindedness,Open to trying new adventure sports,TRUE,FALSE,Same,
Values,Open-mindedness,Open-mindedness,Open to trying new foods,TRUE,TRUE,Split,
Values,Open-mindedness,Open-mindedness,Prefer my go-to order,TRUE,TRUE,Split,
Values,Open-mindedness,Open-mindedness,Prefers sticking with familiar dishes,TRUE,FALSE,Same,
Values,Personality,Ambition,Ambitious,TRUE,TRUE,Split,
Values,Personality,Ambition,Ambitious & career driven,TRUE,TRUE,Split,
Values,Personality,Ambition,Content with current job,TRUE,TRUE,Wording change,
Values,Personality,Ambition,Not planning to retire early,TRUE,TRUE,Wording change,
Values,Personality,Ambition,Open to early retirement,TRUE,TRUE,Split,
Values,Personality,Ambition,Seeking early retirement,TRUE,TRUE,Split,
Values,Personality,Ambition,Wants an ambitious partner,FALSE,TRUE,Split,
Values,Personality,Extroversion compatibility,Balances social and alone time,TRUE,TRUE,Split,
Values,Personality,Extroversion compatibility,Enjoys concerts,TRUE,TRUE,Wording change,
Values,Personality,Extroversion compatibility,Enjoys going out at night,TRUE,TRUE,Wording change,
Values,Personality,Extroversion compatibility,Enjoys intimate social settings,TRUE,TRUE,Wording change,
Values,Personality,Extroversion compatibility,Enjoys parties,TRUE,TRUE,Wording change,
Values,Personality,Extroversion compatibility,Enjoys regular gatherings,TRUE,FALSE,Same,
Values,Personality,Extroversion compatibility,Enjoys sports,TRUE,TRUE,Wording change,
Values,Personality,Extroversion compatibility,Extroverted,TRUE,TRUE,Split,
Values,Personality,Extroversion compatibility,Generally open to group travel,TRUE,FALSE,Same,
Values,Personality,Extroversion compatibility,Introverted,TRUE,TRUE,Split,
Values,Personality,Extroversion compatibility,Likes to socialize through live events,TRUE,FALSE,Same,
Values,Personality,Extroversion compatibility,Loves to travel with friends,TRUE,TRUE,Wording change,
Values,Personality,Extroversion compatibility,Prefers collaborative problem-solving,TRUE,FALSE,Same,
Values,Personality,Extroversion compatibility,Prefers independent problem-solving,TRUE,FALSE,Same,
Values,Personality,Extroversion compatibility,Prefers to travel solo,FALSE,TRUE,Wording change,
Values,Personality,Extroversion compatibility,Would rather stay home at night,TRUE,FALSE,Same,
Values,Personality,Personality,A little nerdy,TRUE,TRUE,Wording change,
Values,Personality,Personality,All about comfort and simplicity,TRUE,FALSE,Same,
Values,Personality,Personality,Appreciates good humor,TRUE,FALSE,Same,
Values,Personality,Personality,Aquarius,FALSE,FALSE,Same,
Values,Personality,Personality,Aries,FALSE,FALSE,Same,
Values,Personality,Personality,Cancer,FALSE,FALSE,Same,
Values,Personality,Personality,Capricorn,FALSE,FALSE,Same,
Values,Personality,Personality,Cheerful,TRUE,TRUE,Split,
Values,Personality,Personality,Decisive,TRUE,TRUE,Split,
Values,Personality,Personality,Dry sense of humor,FALSE,TRUE,Split,TRUE
Values,Personality,Personality,Empathetic,TRUE,TRUE,Split,
Values,Personality,Personality,ENFJ,FALSE,FALSE,Same,
Values,Personality,Personality,ENFP,FALSE,FALSE,Same,
Values,Personality,Personality,Enjoys dark humor,TRUE,TRUE,Split,
Values,Personality,Personality,Enjoys trying new things,TRUE,FALSE,Same,
Values,Personality,Personality,ENTJ,FALSE,FALSE,Same,
Values,Personality,Personality,ENTP,FALSE,FALSE,Same,
Values,Personality,Personality,ESFJ,FALSE,FALSE,Same,
Values,Personality,Personality,ESFP,FALSE,FALSE,Same,
Values,Personality,Personality,ESTJ,FALSE,FALSE,Same,
Values,Personality,Personality,ESTP,FALSE,FALSE,Same,
Values,Personality,Personality,Gemini,FALSE,FALSE,Same,
Values,Personality,Personality,Golden retriever energy,TRUE,TRUE,Split,
Values,Personality,Personality,Honest,TRUE,TRUE,New,
Values,Personality,Personality,Independent and bold,TRUE,FALSE,Same,
Values,Personality,Personality,INFJ,FALSE,FALSE,Same,
Values,Personality,Personality,INFP,FALSE,FALSE,Same,
Values,Personality,Personality,INTJ,FALSE,FALSE,Same,
Values,Personality,Personality,INTP,FALSE,FALSE,Same,
Values,Personality,Personality,ISFJ,FALSE,FALSE,Same,
Values,Personality,Personality,ISFP,FALSE,FALSE,Same,
Values,Personality,Personality,ISTJ,FALSE,FALSE,Same,
Values,Personality,Personality,ISTP,FALSE,FALSE,Same,
Values,Personality,Personality,Jokester,TRUE,TRUE,New,
Values,Personality,Personality,Kind,TRUE,TRUE,Split,
Values,Personality,Personality,Leo,FALSE,FALSE,Same,
Values,Personality,Personality,Libra,FALSE,FALSE,Same,
Values,Personality,Personality,Likes doing things solo,FALSE,TRUE,Split,
Values,Personality,Personality,Logical and analytical,TRUE,FALSE,Same,
Values,Personality,Personality,Loves dad jokes,TRUE,TRUE,Split,
Values,Personality,Personality,More of a supporter than leader,TRUE,TRUE,Wording change,
Values,Personality,Personality,Not a planner,TRUE,TRUE,New,
Values,Personality,Personality,Not golden retriever energy,FALSE,TRUE,New,
Values,Personality,Personality,Optimistic,TRUE,FALSE,Same,
Values,Personality,Personality,Organized and detail-oriented,TRUE,TRUE,Wording change,
Values,Personality,Personality,Physically fit,TRUE,TRUE,Split,
Values,Personality,Personality,Pisces,FALSE,FALSE,Same,
Values,Personality,Personality,Planner,TRUE,TRUE,Split,
Values,Personality,Personality,Problem-solver,TRUE,TRUE,Split,
Values,Personality,Personality,Reluctant but capable planner,TRUE,TRUE,Split,
Values,Personality,Personality,Reserved and introspective,TRUE,FALSE,Same,
Values,Personality,Personality,Sagittarius,FALSE,FALSE,Same,
Values,Personality,Personality,Sarcastic sense of humor,TRUE,TRUE,Split,
Values,Personality,Personality,Scorpio,FALSE,FALSE,Same,
Values,Personality,Personality,Seen as a leader,TRUE,TRUE,Split,
Values,Personality,Personality,Self-deprecating humor,TRUE,TRUE,Split,
Values,Personality,Personality,Self-motivated,TRUE,TRUE,New,
Values,Personality,Personality,Smart,TRUE,TRUE,Split,
Values,Personality,Personality,Taurus,FALSE,FALSE,Same,
Values,Personality,Personality,Values deep conversation,TRUE,TRUE,Split,
Values,Personality,Personality,Virgo,FALSE,FALSE,Same,
Values,Personality,Personality,White lies are not ok,TRUE,TRUE,New,
Values,Personality,Personality,White lies can be ok,TRUE,TRUE,New,
Values,Political views,Political alignment,Conservative in politics,FALSE,TRUE,Wording change,TRUE
Values,Political views,Political alignment,Does not support abortion,FALSE,TRUE,New,TRUE
Values,Political views,Political alignment,Doesn't need to follow politics,FALSE,TRUE,Wording change,TRUE
Values,Political views,Political alignment,Eco-friendly lifestyle advocate,FALSE,FALSE,Same,TRUE
Values,Political views,Political alignment,Follows politics,TRUE,TRUE,Wording change,
Values,Political views,Political alignment,Indifferent to eco-friendly lifestyle,FALSE,FALSE,Same,TRUE
Values,Political views,Political alignment,Indifferent to partner's political views,FALSE,FALSE,Same,TRUE
Values,Political views,Political alignment,Liberal in politics,FALSE,TRUE,Wording change,TRUE
Values,Political views,Political alignment,Moderately conservative,FALSE,FALSE,Same,TRUE
Values,Political views,Political alignment,Not interested in politics,TRUE,FALSE,Same,
Values,Political views,Political alignment,Opposes stricter gun control,FALSE,FALSE,Same,TRUE
Values,Political views,Political alignment,Prefers simliar political views,TRUE,TRUE,Wording change,
Values,Political views,Political alignment,Supports abortion with limits,FALSE,TRUE,New,TRUE
Values,Political views,Political alignment,Supports full abortion rights,FALSE,TRUE,New,TRUE
Values,Political views,Political alignment,Supports stricter gun control,FALSE,FALSE,Same,TRUE
Values,Political views,Social views,Advocates for economic equality,TRUE,FALSE,Same,
Values,Political views,Social views,Against banning hate speech,FALSE,TRUE,New,TRUE
Values,Political views,Social views,Against higher taxes for the rich,FALSE,TRUE,New,TRUE
Values,Political views,Social views,Believes in inclusivity for voting,TRUE,FALSE,Same,
Values,Political views,Social views,Fully distancing for covid,FALSE,FALSE,Same,
Values,Political views,Social views,Looks forward to Pride month,TRUE,TRUE,New,
Values,Political views,Social views,Masked for covid,FALSE,FALSE,Same,
Values,Political views,Social views,No longer distancing for covid,FALSE,FALSE,Same,
Values,Political views,Social views,Opposes government wealth redistribution,FALSE,FALSE,Same,TRUE
Values,Political views,Social views,Partially distancing for covid,FALSE,FALSE,Same,
Values,Political views,Social views,Social advocate/ activist,FALSE,FALSE,Same,TRUE
Values,Political views,Social views,Supports banning hate speech,FALSE,TRUE,New,TRUE
Values,Political views,Social views,Supports higher taxes for the rich,FALSE,TRUE,New,TRUE
Values,Political views,Social views,Supports nonviolent activism,TRUE,FALSE,Same,
Values,Political views,Social views,Supports stricter voting regulations,TRUE,FALSE,Same,
Values,Political views,Social views,Unvaccinated for covid,FALSE,FALSE,Same,
Values,Political views,Social views,Vaccinated for covid,FALSE,FALSE,Same,
Values,Political views,Social views,Violence can be a tool for justice,FALSE,FALSE,Same,
Values,Political views,View on Gender Roles,Believes gender inequality persists,TRUE,FALSE,Same,
Values,Political views,View on Gender Roles,Believes gender roles should be flexible,TRUE,FALSE,Same,
Values,Political views,View on Gender Roles,Indifferent to partner's income,TRUE,FALSE,Same,
Values,Political views,View on Gender Roles,Prefers double-income family model,TRUE,FALSE,Same,
Values,Political views,View on Gender Roles,Prefers partner with higer income,TRUE,FALSE,Same,
Values,Political views,View on Gender Roles,Sees value in traditional gender roles,TRUE,FALSE,Same,
Values,Political views,View on Gender Roles,Values single-income family model,TRUE,FALSE,Same,
Values,Religion,Religion,Actively follows a religion,TRUE,TRUE,Split,
Values,Religion,Religion,Believes in Karma,TRUE,TRUE,Split,
Values,Religion,Religion,Believes in things beyond the physical,TRUE,FALSE,Same,
Values,Religion,Religion,Buddhist,TRUE,FALSE,Same,
Values,Religion,Religion,Catholic,TRUE,FALSE,Same,
Values,Religion,Religion,Christian,TRUE,FALSE,Same,
Values,Religion,Religion,Doesn't have strong beliefs either way,TRUE,TRUE,Wording change,
Values,Religion,Religion,Doesn't observe religious holidays,TRUE,TRUE,Split,
Values,Religion,Religion,Faith outweighs science,TRUE,FALSE,Same,
Values,Religion,Religion,Hindu,TRUE,FALSE,Same,
Values,Religion,Religion,Identifes as spiritual,TRUE,TRUE,Wording change,
Values,Religion,Religion,Jewish,TRUE,FALSE,Same,
Values,Religion,Religion,Muslim,TRUE,FALSE,Same,
Values,Religion,Religion,Not religious,TRUE,TRUE,Split,
Values,Religion,Religion,Not very spiritual,TRUE,TRUE,Wording change,
Values,Religion,Religion,Observes religious holidays,TRUE,TRUE,Split,
Values,Religion,Religion,Observes some religous holidays,TRUE,TRUE,Wording change,
Values,Religion,Religion,Open to partner of any religion,FALSE,TRUE,Split,
Values,Religion,Religion,Prefer partner of same religion,FALSE,TRUE,Split,
Values,Religion,Religion,Prefers scientific reasoning,TRUE,TRUE,Wording change,
Values,Religion,Religion,Prioritizes science more than faith,TRUE,FALSE,Same,
Values,Religion,Religion,Religion can differ from mine,FALSE,TRUE,Split,
Values,Religion,Religion,Religion is not a focus,TRUE,TRUE,Split,
Values,Religion,Religion,Religious,FALSE,TRUE,Split,
Values,Religion,Religion,Same religion as mine,FALSE,TRUE,Split,
Values,Religion,Religion,Sikh,TRUE,FALSE,Same,
Values,Religion,Religion,Spiritual,TRUE,TRUE,Split,
Values,Spendy/thrifty,Financial tendencies,Casual budgeter,TRUE,FALSE,Same,
Values,Spendy/thrifty,Financial tendencies,Financial investment enthusiast,TRUE,TRUE,Wording change,
Values,Spendy/thrifty,Financial tendencies,Flexible with a budget,TRUE,TRUE,Split,
Values,Spendy/thrifty,Financial tendencies,Neutral towards budget-savvy partner,TRUE,FALSE,Same,
Values,Spendy/thrifty,Financial tendencies,Plans and saves for the future,TRUE,FALSE,Same,
Values,Spendy/thrifty,Financial tendencies,Prefers less budget-focused partner,TRUE,FALSE,Same,
Values,Spendy/thrifty,Financial tendencies,Spontaneous with financial decisions,TRUE,FALSE,Same,
Values,Spendy/thrifty,Financial tendencies,Sticks to a budget,TRUE,TRUE,Split,
Values,Spendy/thrifty,Money talks,Owns a home,TRUE,FALSE,Same,
Values,Spendy/thrifty,Money talks,Prefers experiences over things,TRUE,TRUE,New,
Values,Spendy/thrifty,Money talks,Prefers ownership of finances,TRUE,TRUE,Split,
Values,Spendy/thrifty,Money talks,Prefers partner manages finances,TRUE,TRUE,Split,
Values,Spendy/thrifty,Money talks,Prefers separate finances,TRUE,TRUE,Split,
Values,Spendy/thrifty,Money talks,Prefers things over experiences,TRUE,TRUE,New,
Values,Spendy/thrifty,Money talks,Prudent saver,TRUE,FALSE,Same,
Values,Spendy/thrifty,Money talks,Risk-averse investor,TRUE,TRUE,New,
Values,Spendy/thrifty,Money talks,Takes risks while investing,TRUE,TRUE,New,
Values,Spendy/thrifty,Money talks,Wants to be primary caregiver,TRUE,TRUE,Split,
Values,Spendy/thrifty,Money talks,Willing to combine finances,TRUE,TRUE,Split,
Lifestyle,Food & Cooking,Dining compatibility,Health-conscious eater,TRUE,FALSE,Same,